{
   "status":"OK",
   "copyright":" Copyright (c) 2019 Pro Publica Inc. All Rights Reserved.",
   "results":[
      {
         "congress": "113",
         "chamber": "House",
         "num_results": 62,
         "offset": 0,
         "members": [
              {
                 "id": "B001279",
                 "api_uri":"https://api.propublica.org/congress/v1/members/B001279.json",
                 "first_name": "Ron",
                 "middle_name": null,
                 "last_name": "Barber",
                 "suffix": null,
                 "party": "D",
                 "state": "AZ",
                 "district": "2",
                 "begin_date": "2013-01-03",
                 "end_date": "2015-01-03",
                 "status": "Defeated in general election",
                 "note": "Defeated in general election."
               },
                           {
                 "id": "S001186",
                 "api_uri":"https://api.propublica.org/congress/v1/members/S001186.json",
                 "first_name": "Steve",
                 "middle_name": null,
                 "last_name": "Southerland",
                 "suffix": null,
                 "party": "R",
                 "state": "FL",
                 "district": "2",
                 "begin_date": "2013-01-03",
                 "end_date": "2015-01-03",
                 "status": "Defeated in general election",
                 "note": "Defeated in general election."
               },
                           {
                 "id": "S001170",
                 "api_uri":"https://api.propublica.org/congress/v1/members/S001170.json",
                 "first_name": "Carol",
                 "middle_name": null,
                 "last_name": "Shea-Porter",
                 "suffix": null,
                 "party": "D",
                 "state": "NH",
                 "district": "1",
                 "begin_date": "2013-01-03",
                 "end_date": "2015-01-03",
                 "status": "Defeated in general election",
                 "note": "Defeated in general election."
               },
                           {
                 "id": "E000292",
                 "api_uri":"https://api.propublica.org/congress/v1/members/E000292.json",
                 "first_name": "Bill",
                 "middle_name": null,
                 "last_name": "Enyart",
                 "suffix": null,
                 "party": "D",
                 "state": "IL",
                 "district": "12",
                 "begin_date": "2013-01-03",
                 "end_date": "2015-01-03",
                 "status": "Defeated in general election",
                 "note": "Defeated in general election."
               },
                           {
                 "id": "B001252",
                 "api_uri":"https://api.propublica.org/congress/v1/members/B001252.json",
                 "first_name": "John",
                 "middle_name": null,
                 "last_name": "Barrow",
                 "suffix": null,
                 "party": "D",
                 "state": "GA",
                 "district": "12",
                 "begin_date": "2013-01-03",
                 "end_date": "2015-01-02",
                 "status": "Defeated in general election",
                 "note": "Defeated in general election."
               },
                           {
                 "id": "G000572",
                 "api_uri":"https://api.propublica.org/congress/v1/members/G000572.json",
                 "first_name": "Pete",
                 "middle_name": null,
                 "last_name": "Gallego",
                 "suffix": null,
                 "party": "D",
                 "state": "TX",
                 "district": "23",
                 "begin_date": "2013-01-03",
                 "end_date": "2015-01-03",
                 "status": "Defeated in general election",
                 "note": "Defeated in general election."
               },
                           {
                     "id": "B001242",
                     "api_uri":"https://api.propublica.org/congress/v1/members/B001242.json",
                     "first_name": "Timothy",
                     "middle_name": "H.",
                     "last_name": "Bishop",
                 "suffix": null,
                 "party": "D",
                 "state": "NY",
                 "district": "1",
                 "begin_date": "2013-01-03",
                 "end_date": "2015-01-02",
                 "status": "Defeated in general election",
                 "note": "Defeated in general election."
               },
                           {
                 "id": "R000011",
                 "api_uri":"https://api.propublica.org/congress/v1/members/R000011.json",
                 "first_name": "Nick",
                 "middle_name": "J.",
                 "last_name": "Rahall",
                 "suffix": "II",
                 "party": "D",
                 "state": "WV",
                 "district": "3",
                 "begin_date": "2013-01-03",
                 "end_date": "2015-01-02",
                 "status": "Defeated in general election",
                 "note": "Defeated in general election."
               },
                           {
                 "id": "G000573",
                 "api_uri":"https://api.propublica.org/congress/v1/members/G000573.json",
                 "first_name": "Joe",
                 "middle_name": null,
                 "last_name": "Garcia",
                 "suffix": null,
                 "party": "D",
                 "state": "FL",
                 "district": "26",
                 "begin_date": "2013-01-03",
                 "end_date": "2015-01-03",
                 "status": "Defeated in general election",
                 "note": "Defeated in general election."
               },
                           {
                 "id": "M001171",
                 "api_uri":"https://api.propublica.org/congress/v1/members/M001171.json",
                 "first_name": "Dan",
                 "middle_name": null,
                 "last_name": "Maffei",
                 "suffix": null,
                 "party": "D",
                 "state": "NY",
                 "district": "24",
                 "begin_date": "2013-01-03",
                 "end_date": "2015-01-03",
                 "status": "Defeated in general election",
                 "note": "Defeated in general election."
               },
                           {
                 "id": "S001190",
                 "api_uri":"https://api.propublica.org/congress/v1/members/S001190.json",
                 "first_name": "Brad",
                 "middle_name": null,
                 "last_name": "Schneider",
                 "suffix": null,
                 "party": "D",
                 "state": "IL",
                 "district": "10",
                 "begin_date": "2013-01-03",
                 "end_date": "2015-01-03",
                 "status": "Defeated in general election",
                 "note": "Defeated in general election."
               },
                           {
                 "id": "F000010",
                 "api_uri":"https://api.propublica.org/congress/v1/members/F000010.json",
                 "first_name": "Eni",
                 "middle_name": "F. H.",
                 "last_name": "Faleomavaega",
                 "suffix": null,
                 "party": "D",
                 "state": "AS",
                 "district": "At-Large",
                 "begin_date": "2013-01-03",
                 "end_date": "2015-01-03",
                 "status": "Defeated in general election",
                 "note": "Defeated in general election."
               },
                           {
                 "id": "H001066",
                 "api_uri":"https://api.propublica.org/congress/v1/members/H001066.json",
                 "first_name": "Steven",
                 "middle_name": null,
                 "last_name": "Horsford",
                 "suffix": null,
                 "party": "D",
                 "state": "NV",
                 "district": "4",
                 "begin_date": "2013-01-03",
                 "end_date": "2015-01-03",
                 "status": "Defeated in general election",
                 "note": "Defeated in general election."
               },
                           {
                 "id": "T000459",
                 "api_uri":"https://api.propublica.org/congress/v1/members/T000459.json",
                 "first_name": "Lee",
                 "middle_name": null,
                 "last_name": "Terry",
                 "suffix": null,
                 "party": "R",
                 "state": "NE",
                 "district": "2",
                 "begin_date": "2013-01-03",
                 "end_date": "2015-01-02",
                 "status": "Defeated in general election",
                 "note": "Defeated in general election."
               },
                           {
                 "id": "T000266",
                 "api_uri":"https://api.propublica.org/congress/v1/members/T000266.json",
                 "first_name": "John",
                 "middle_name": "F.",
                 "last_name": "Tierney",
                 "suffix": null,
                 "party": "D",
                 "state": "MA",
                 "district": "6",
                 "begin_date": "2013-01-03",
                 "end_date": "2015-01-03",
                 "status": "Defeated in primary election",
                 "note": "Lost primary election."
               },
                           {
                 "id": "C001046",
                 "api_uri":"https://api.propublica.org/congress/v1/members/C001046.json",
                 "first_name": "Eric",
                 "middle_name": null,
                 "last_name": "Cantor",
                 "suffix": null,
                 "party": "R",
                 "state": "VA",
                 "district": "7",
                 "begin_date": "2013-01-03",
                 "end_date": "2014-08-18",
                 "status": "Defeated in primary election",
                 "note": "Lost primary election to David Brat, resigned on Aug. 18, 2014."
               },
                           {
                 "id": "H000067",
                 "api_uri":"https://api.propublica.org/congress/v1/members/H000067.json",
                 "first_name": "Ralph",
                 "middle_name": "M.",
                 "last_name": "Hall",
                 "suffix": null,
                 "party": "R",
                 "state": "TX",
                 "district": "4",
                 "begin_date": "2013-01-03",
                 "end_date": "2015-01-03",
                 "status": "Defeated in primary election",
                 "note": "Lost to John Ratcliffe in the Republican primary."
               },
                           {
                 "id": "M001192",
                 "api_uri":"https://api.propublica.org/congress/v1/members/M001192.json",
                 "first_name": "Vance",
                 "middle_name": null,
                 "last_name": "McAllister",
                 "suffix": null,
                 "party": "R",
                 "state": "LA",
                 "district": "5",
                 "begin_date": "2013-11-21",
                 "end_date": "2015-01-03",
                 "status": "Defeated in general election",
                 "note": "Elected to fill vacancy caused by resignation of Rodney Alexander; announced retirement on April 28, 2014, but changed mind."
               },
                           {
                 "id": "P000265",
                 "api_uri":"https://api.propublica.org/congress/v1/members/P000265.json",
                 "first_name": "Tom",
                 "middle_name": null,
                 "last_name": "Petri",
                 "suffix": null,
                 "party": "R",
                 "state": "WI",
                 "district": "6",
                 "begin_date": "2013-01-03",
                 "end_date": "2015-01-03",
                 "status": "Retiring",
                 "note": "Announced retirement on April 11, 2014."
               },
                           {
                 "id": "C000071",
                 "api_uri":"https://api.propublica.org/congress/v1/members/C000071.json",
                 "first_name": "Dave",
                 "middle_name": null,
                 "last_name": "Camp",
                 "suffix": null,
                 "party": "R",
                 "state": "MI",
                 "district": "4",
                 "begin_date": "2013-01-03",
                 "end_date": "2015-01-03",
                 "status": "Retiring",
                 "note": "Announced retirement on March 31, 2014."
               },
                           {
                 "id": "R000572",
                 "api_uri":"https://api.propublica.org/congress/v1/members/R000572.json",
                 "first_name": "Mike",
                 "middle_name": null,
                 "last_name": "Rogers",
                 "suffix": null,
                 "party": "R",
                 "state": "MI",
                 "district": "8",
                 "begin_date": "2013-01-03",
                 "end_date": "2015-01-03",
                 "status": "Retiring",
                 "note": "Announced retirement on March 28, 2014."
               },
                           {
                 "id": "P000099",
                 "api_uri":"https://api.propublica.org/congress/v1/members/P000099.json",
                 "first_name": "Ed",
                 "middle_name": null,
                 "last_name": "Pastor",
                 "suffix": null,
                 "party": "D",
                 "state": "AZ",
                 "district": "7",
                 "begin_date": "2013-01-03",
                 "end_date": "2015-01-02",
                 "status": "Retiring",
                 "note": "Announced retirement on Feb. 27, 2014."
               },
                           {
                 "id": "D000355",
                 "api_uri":"https://api.propublica.org/congress/v1/members/D000355.json",
                 "first_name": "John",
                 "middle_name": "D.",
                 "last_name": "Dingell",
                 "suffix": null,
                 "party": "D",
                 "state": "MI",
                 "district": "12",
                 "begin_date": "2013-01-03",
                 "end_date": "2015-01-02",
                 "status": "Retiring",
                 "note": "Announced retirement on Feb. 24, 2014."
               },
                           {
                 "id": "H001032",
                 "api_uri":"https://api.propublica.org/congress/v1/members/H001032.json",
                 "first_name": "Rush",
                 "middle_name": null,
                 "last_name": "Holt",
                 "suffix": null,
                 "party": "D",
                 "state": "NJ",
                 "district": "12",
                 "begin_date": "2013-01-03",
                 "end_date": "2015-01-03",
                 "status": "Retiring",
                 "note": "Announced retirement on Feb. 18, 2014."
               },
                           {
                 "id": "N000187",
                 "api_uri":"https://api.propublica.org/congress/v1/members/N000187.json",
                 "first_name": "Gloria",
                 "middle_name": null,
                 "last_name": "Negrete McLeod",
                 "suffix": null,
                 "party": "D",
                 "state": "CA",
                 "district": "35",
                 "begin_date": "2013-01-03",
                 "end_date": "2015-01-03",
                 "status": "Seeking another office",
                 "note": "Announced run for county supervisor on Feb. 18, 2014."
               },
                           {
                 "id": "H000329",
                 "api_uri":"https://api.propublica.org/congress/v1/members/H000329.json",
                 "first_name": "Doc",
                 "middle_name": null,
                 "last_name": "Hastings",
                 "suffix": null,
                 "party": "R",
                 "state": "WA",
                 "district": "4",
                 "begin_date": "2013-01-03",
                 "end_date": "2015-01-03",
                 "status": "Retiring",
                 "note": "Announced retirement on Feb. 13, 2014."
               },
                           {
                 "id": "M001139",
                 "api_uri":"https://api.propublica.org/congress/v1/members/M001139.json",
                 "first_name": "Gary",
                 "middle_name": "G.",
                 "last_name": "Miller",
                 "suffix": null,
                 "party": "R",
                 "state": "CA",
                 "district": "31",
                 "begin_date": "2013-01-03",
                 "end_date": "2015-01-02",
                 "status": "Retiring",
                 "note": "Announced retirement on Feb. 12, 2014."
               },
                           {
                 "id": "A000210",
                 "api_uri":"https://api.propublica.org/congress/v1/members/A000210.json",
                 "first_name": "Robert",
                 "middle_name": "E.",
                 "last_name": "Andrews",
                 "suffix": null,
                 "party": "D",
                 "state": "NJ",
                 "district": "1",
                 "begin_date": "2013-01-03",
                 "end_date": "2014-02-18",
                 "status": "Left Congress",
                 "note": "Resigned on Feb. 18, 2014."
               },
                           {
                 "id": "W000215",
                 "api_uri":"https://api.propublica.org/congress/v1/members/W000215.json",
                 "first_name": "Henry",
                 "middle_name": "A.",
                 "last_name": "Waxman",
                 "suffix": null,
                 "party": "D",
                 "state": "CA",
                 "district": "33",
                 "begin_date": "2013-01-03",
                 "end_date": "2015-01-02",
                 "status": "Retiring",
                 "note": "Announced retirement on Jan. 30, 2014."
               },
                           {
                 "id": "R000596",
                 "api_uri":"https://api.propublica.org/congress/v1/members/R000596.json",
                 "first_name": "Trey",
                 "middle_name": null,
                 "last_name": "Radel",
                 "suffix": null,
                 "party": "R",
                 "state": "FL",
                 "district": "19",
                 "begin_date": "2013-01-03",
                 "end_date": "2015-01-03",
                 "status": "Left Congress",
                 "note": "Resigned on Jan. 27, 2014."
               },
                           {
                 "id": "M000508",
                 "api_uri":"https://api.propublica.org/congress/v1/members/M000508.json",
                 "first_name": "Howard",
                 "middle_name": "P.",
                 "last_name": "McKeon",
                 "suffix": null,
                 "party": "R",
                 "state": "CA",
                 "district": "25",
                 "begin_date": "2013-01-03",
                 "end_date": "2015-01-03",
                 "status": "Retiring",
                 "note": "Announced retirement on Jan. 16, 2014."
               },
                           {
                 "id": "M000933",
                 "api_uri":"https://api.propublica.org/congress/v1/members/M000933.json",
                 "first_name": "James",
                 "middle_name": "P.",
                 "last_name": "Moran",
                 "suffix": null,
                 "party": "D",
                 "state": "VA",
                 "district": "8",
                 "begin_date": "2013-01-03",
                 "end_date": "2015-01-03",
                 "status": "Retiring",
                 "note": "Announced retirement on Jan. 15, 2014."
               },
                           {
                 "id": "O000169",
                 "api_uri":"https://api.propublica.org/congress/v1/members/O000169.json",
                 "first_name": "Bill",
                 "middle_name": null,
                 "last_name": "Owens",
                 "suffix": null,
                 "party": "D",
                 "state": "NY",
                 "district": "21",
                 "begin_date": "2013-01-03",
                 "end_date": "2015-01-03",
                 "status": "Retiring",
                 "note": "Announced retirement on Jan. 14, 2014."
               },
                           {
                 "id": "M000725",
                 "api_uri":"https://api.propublica.org/congress/v1/members/M000725.json",
                 "first_name": "George",
                 "middle_name": null,
                 "last_name": "Miller",
                 "suffix": null,
                 "party": "D",
                 "state": "CA",
                 "district": "11",
                 "begin_date": "2013-01-03",
                 "end_date": "2015-01-03",
                 "status": "Retiring",
                 "note": "Announced retirement on Jan. 13, 2014."
               },
                           {
                 "id": "M000309",
                 "api_uri":"https://api.propublica.org/congress/v1/members/M000309.json",
                 "first_name": "Carolyn",
                 "middle_name": null,
                 "last_name": "McCarthy",
                 "suffix": null,
                 "party": "D",
                 "state": "NY",
                 "district": "4",
                 "begin_date": "2013-01-03",
                 "end_date": "2015-01-03",
                 "status": "Retiring",
                 "note": "Will retire at the end of 113th Congress."
               },
                           {
                 "id": "M000485",
                 "api_uri":"https://api.propublica.org/congress/v1/members/M000485.json",
                 "first_name": "Mike",
                 "middle_name": null,
                 "last_name": "McIntyre",
                 "suffix": null,
                 "party": "D",
                 "state": "NC",
                 "district": "7",
                 "begin_date": "2013-01-03",
                 "end_date": "2015-01-03",
                 "status": "Retiring",
                 "note": "Will retire at the end of the 113th Congress."
               },
                           {
                 "id": "G000549",
                 "api_uri":"https://api.propublica.org/congress/v1/members/G000549.json",
                 "first_name": "Jim",
                 "middle_name": null,
                 "last_name": "Gerlach",
                 "suffix": null,
                 "party": "R",
                 "state": "PA",
                 "district": "6",
                 "begin_date": "2013-01-03",
                 "end_date": "2015-01-02",
                 "status": "Retiring",
                 "note": "Announced that he will not seek re-election on Jan. 6, 2014."
               },
                           {
                 "id": "W000207",
                 "api_uri":"https://api.propublica.org/congress/v1/members/W000207.json",
                 "first_name": "Melvin",
                 "middle_name": null,
                 "last_name": "Watt",
                 "suffix": null,
                 "party": "D",
                 "state": "NC",
                 "district": "12",
                 "begin_date": "2013-01-03",
                 "end_date": "2014-01-06",
                 "status": "Appointed to federal post",
                 "note": "Confirmed to be director of the Federal Housing Finance Agency on Dec. 16, 2013. Resigned from the House on Jan. 6, 2014."
               },
                           {
                 "id": "M001142",
                 "api_uri":"https://api.propublica.org/congress/v1/members/M001142.json",
                 "first_name": "Jim",
                 "middle_name": null,
                 "last_name": "Matheson",
                 "suffix": null,
                 "party": "D",
                 "state": "UT",
                 "district": "4",
                 "begin_date": "2013-01-03",
                 "end_date": "2015-01-02",
                 "status": "Retiring",
                 "note": "Announced his retirement on Dec. 17, 2013."
               },
                           {
                 "id": "W000672",
                 "api_uri":"https://api.propublica.org/congress/v1/members/W000672.json",
                 "first_name": "Frank",
                 "middle_name": "R.",
                 "last_name": "Wolf",
                 "suffix": null,
                 "party": "R",
                 "state": "VA",
                 "district": "10",
                 "begin_date": "2013-01-03",
                 "end_date": "2015-01-02",
                 "status": "Retiring",
                 "note": "Announced retirement on Dec. 17, 2013."
               },
                           {
                 "id": "L000111",
                 "api_uri":"https://api.propublica.org/congress/v1/members/L000111.json",
                 "first_name": "Tom",
                 "middle_name": null,
                 "last_name": "Latham",
                 "suffix": null,
                 "party": "R",
                 "state": "IA",
                 "district": "3",
                 "begin_date": "2013-01-03",
                 "end_date": "2015-01-03",
                 "status": "Retiring",
                 "note": "Announced his retirement on Dec. 17, 2013."
               },
                           {
                 "id": "S000937",
                 "api_uri":"https://api.propublica.org/congress/v1/members/S000937.json",
                 "first_name": "Steve",
                 "middle_name": null,
                 "last_name": "Stockman",
                 "suffix": null,
                 "party": "R",
                 "state": "TX",
                 "district": "36",
                 "begin_date": "2013-01-03",
                 "end_date": "2015-01-03",
                 "status": "Seeking another office",
                 "note": "Running for the Senate."
               },
                           {
                 "id": "C000556",
                 "api_uri":"https://api.propublica.org/congress/v1/members/C000556.json",
                 "first_name": "Howard",
                 "middle_name": null,
                 "last_name": "Coble",
                 "suffix": null,
                 "party": "R",
                 "state": "NC",
                 "district": "6",
                 "begin_date": "2013-01-03",
                 "end_date": "2015-01-02",
                 "status": "Retiring",
                 "note": "Announced his retirement on Nov. 7, 2013."
               },
                           {
                 "id": "R000594",
                 "api_uri":"https://api.propublica.org/congress/v1/members/R000594.json",
                 "first_name": "Jon",
                 "middle_name": null,
                 "last_name": "Runyan",
                 "suffix": null,
                 "party": "R",
                 "state": "NJ",
                 "district": "3",
                 "begin_date": "2013-01-03",
                 "end_date": "2015-01-03",
                 "status": "Retiring",
                 "note": "Will not seek re-election in 2014."
               },
                           {
                 "id": "D000618",
                 "api_uri":"https://api.propublica.org/congress/v1/members/D000618.json",
                 "first_name": "Steve",
                 "middle_name": null,
                 "last_name": "Daines",
                 "suffix": null,
                 "party": "R",
                 "state": "MT",
                 "district": "At-Large",
                 "begin_date": "2013-01-03",
                 "end_date": "2015-01-03",
                 "status": "Elected to federal post",
                 "note": "Running for the Senate."
               },
                           {
                 "id": "G000567",
                 "api_uri":"https://api.propublica.org/congress/v1/members/G000567.json",
                 "first_name": "Tim",
                 "middle_name": null,
                 "last_name": "Griffin",
                 "suffix": null,
                 "party": "R",
                 "state": "AR",
                 "district": "2",
                 "begin_date": "2013-01-03",
                 "end_date": "2015-01-03",
                 "status": "Seeking another office",
                 "note": "Announced retirement on Oct. 21, 2013. Running for Lieutenant Governor."
               },
                           {
                 "id": "Y000031",
                 "api_uri":"https://api.propublica.org/congress/v1/members/Y000031.json",
                 "first_name": "C. W. Bill",
                 "middle_name": null,
                 "last_name": "Young",
                 "suffix": null,
                 "party": "R",
                 "state": "FL",
                 "district": "13",
                 "begin_date": "2013-01-03",
                 "end_date": "2013-10-18",
                 "status": "Left Congress",
                 "note": "Died on Oct. 18, 2013."
               },
                           {
                 "id": "B000013",
                 "api_uri":"https://api.propublica.org/congress/v1/members/B000013.json",
                 "first_name": "Spencer",
                 "middle_name": null,
                 "last_name": "Bachus",
                 "suffix": null,
                 "party": "R",
                 "state": "AL",
                 "district": "6",
                 "begin_date": "2013-01-03",
                 "end_date": "2015-01-02",
                 "status": "Retiring",
                 "note": "Announced retirement on Sept. 30, 2013."
               },
                           {
                 "id": "A000361",
                 "api_uri":"https://api.propublica.org/congress/v1/members/A000361.json",
                 "first_name": "Rodney",
                 "middle_name": null,
                 "last_name": "Alexander",
                 "suffix": null,
                 "party": "R",
                 "state": "LA",
                 "district": "5",
                 "begin_date": "2013-01-03",
                 "end_date": "2013-09-26",
                 "status": "Appointed to state or local post",
                 "note": "Took a state government job in Louisiana."
               },
                           {
                 "id": "M000133",
                 "api_uri":"https://api.propublica.org/congress/v1/members/M000133.json",
                 "first_name": "Edward",
                 "middle_name": "J.",
                 "last_name": "Markey",
                 "suffix": null,
                 "party": "D",
                 "state": "MA",
                 "district": "5",
                 "begin_date": "2013-01-03",
                 "end_date": "2013-07-15",
                 "status": "Elected to federal post",
                 "note": "Elected to the Senate to replace Mo Cowan; resigned from House on July 15, 2013."
               },
                           {
                 "id": "C001064",
                 "api_uri":"https://api.propublica.org/congress/v1/members/C001064.json",
                 "first_name": "John",
                 "middle_name": null,
                 "last_name": "Campbell",
                 "suffix": null,
                 "party": "R",
                 "state": "CA",
                 "district": "45",
                 "begin_date": "2013-01-03",
                 "end_date": "2015-01-03",
                 "status": "Retiring",
                 "note": "Announced his retirement on June 26, 2013."
               },
                           {
                 "id": "M001149",
                 "api_uri":"https://api.propublica.org/congress/v1/members/M001149.json",
                 "first_name": "Michael",
                 "middle_name": "H.",
                 "last_name": "Michaud",
                 "suffix": null,
                 "party": "D",
                 "state": "ME",
                 "district": "2",
                 "begin_date": "2013-01-03",
                 "end_date": "2015-01-02",
                 "status": "Seeking another office",
                 "note": "Running for governor."
               },
                           {
                 "id": "B001256",
                 "api_uri":"https://api.propublica.org/congress/v1/members/B001256.json",
                 "first_name": "Michele",
                 "middle_name": null,
                 "last_name": "Bachmann",
                 "suffix": null,
                 "party": "R",
                 "state": "MN",
                 "district": "6",
                 "begin_date": "2013-01-03",
                 "end_date": "2015-01-03",
                 "status": "Retiring",
                 "note": "Announced her retirement on May 29, 2013."
               },
                           {
                 "id": "B001244",
                 "api_uri":"https://api.propublica.org/congress/v1/members/B001244.json",
                 "first_name": "Jo",
                 "middle_name": null,
                 "last_name": "Bonner",
                 "suffix": null,
                 "party": "R",
                 "state": "AL",
                 "district": "1",
                 "begin_date": "2013-01-03",
                 "end_date": "2013-08-02",
                 "status": "Left Congress",
                 "note": "Resigned from Congress on Aug. 2, 2013."
               },
                           {
                 "id": "H001050",
                 "api_uri":"https://api.propublica.org/congress/v1/members/H001050.json",
                 "first_name": "Colleen",
                 "middle_name": null,
                 "last_name": "Hanabusa",
                 "suffix": null,
                 "party": "D",
                 "state": "HI",
                 "district": "1",
                 "begin_date": "2013-01-03",
                 "end_date": "2015-01-03",
                 "status": "Seeking another office",
                 "note": "Running for Senate."
               },
                           {
                 "id": "P000595",
                 "api_uri":"https://api.propublica.org/congress/v1/members/P000595.json",
                 "first_name": "Gary",
                 "middle_name": null,
                 "last_name": "Peters",
                 "suffix": null,
                 "party": "D",
                 "state": "MI",
                 "district": "14",
                 "begin_date": "2013-01-03",
                 "end_date": "2015-01-02",
                 "status": "Seeking another office",
                 "note": "Running for Senate."
               },
                           {
                 "id": "K000220",
                 "api_uri":"https://api.propublica.org/congress/v1/members/K000220.json",
                 "first_name": "Jack",
                 "middle_name": null,
                 "last_name": "Kingston",
                 "suffix": null,
                 "party": "R",
                 "state": "GA",
                 "district": "1",
                 "begin_date": "2013-01-03",
                 "end_date": "2015-01-02",
                 "status": "Seeking another office",
                 "note": "Running for the Senate."
               },
                           {
                 "id": "S001162",
                 "api_uri":"https://api.propublica.org/congress/v1/members/S001162.json",
                 "first_name": "Allyson",
                 "middle_name": "Y.",
                 "last_name": "Schwartz",
                 "suffix": null,
                 "party": "D",
                 "state": "PA",
                 "district": "13",
                 "begin_date": "2013-01-03",
                 "end_date": "2015-01-02",
                 "status": "Seeking another office",
                 "note": "Running for governor."
               },
                           {
                 "id": "G000550",
                 "api_uri":"https://api.propublica.org/congress/v1/members/G000550.json",
                 "first_name": "Phil",
                 "middle_name": null,
                 "last_name": "Gingrey",
                 "suffix": null,
                 "party": "R",
                 "state": "GA",
                 "district": "11",
                 "begin_date": "2013-01-03",
                 "end_date": "2015-01-02",
                 "status": "Seeking another office",
                 "note": "Running for the Senate."
               },
                           {
                 "id": "B001262",
                 "api_uri":"https://api.propublica.org/congress/v1/members/B001262.json",
                 "first_name": "Paul",
                 "middle_name": null,
                 "last_name": "Broun",
                 "suffix": null,
                 "party": "R",
                 "state": "GA",
                 "district": "10",
                 "begin_date": "2013-01-03",
                 "end_date": "2015-01-02",
                 "status": "Seeking another office",
                 "note": "Running for the Senate."
               },
                           {
                 "id": "E000172",
                 "api_uri":"https://api.propublica.org/congress/v1/members/E000172.json",
                 "first_name": "Jo Ann",
                 "middle_name": null,
                 "last_name": "Emerson",
                 "suffix": null,
                 "party": "R",
                 "state": "MO",
                 "district": "8",
                 "begin_date": "2013-01-03",
                 "end_date": "2013-01-22",
                 "status": "Left Congress",
                 "note": "Resigned on Jan. 22, 2013"
               },
                           {
                 "id": "B001280",
                 "api_uri":"https://api.propublica.org/congress/v1/members/B001280.json",
                 "first_name": "Kerry",
                 "middle_name": null,
                 "last_name": "Bentivolio",
                 "suffix": null,
                 "party": "R",
                 "state": "MI",
                 "district": "11",
                 "begin_date": "2013-01-03",
                 "end_date": "2015-01-03",
                 "status": "Defeated in primary election",
                 "note": ""
               }
             ]
      }
   ]
}   